{
  "approach": {
    "frame_count": 2142,
    "duration": 6.03732967376709,
    "overall_jerk": 181.3491039294847,
    "jerk_per_joint": [
      24.402782659986485,
      33.155685361190194,
      61.23035945678648,
      260.09529206513815,
      334.193837411798,
      375.0166666220103
    ],
    "jerk_score_per_joint": [
      83.73147822667568,
      77.89620975920654,
      59.17976036214234,
      0.0,
      0.0,
      0.0
    ],
    "severe_jitter": true,
    "severe_jitter_count": 3,
    "end_vel_norm": 0.0072388938298950595,
    "effort_rms": [
      0.8222391977225063,
      11.484441992887396,
      6.038463330501976,
      0.20411636814488904,
      1.9787417400034093,
      0.08747449757205122
    ],
    "effort_rms_mean": 10.444164715430992,
    "score_smoothness": 0.0,
    "score_stability": 97.58703539003498,
    "score_effort": 86.94479410571125,
    "score_total": 55.891660912940054
  },
  "grasping": {
    "frame_count": 200,
    "duration": 7.236042261123657,
    "overall_jerk": 2.4978532784784653,
    "jerk_per_joint": [
      0.6515811074300677,
      1.1570005685451374,
      2.0742459050282367,
      2.701712634116926,
      4.824382863531574,
      3.5781965922188497
    ],
    "jerk_score_per_joint": [
      99.56561259504663,
      99.22866628763659,
      98.61716939664784,
      98.19885824392205,
      96.78374475764562,
      97.61453560518744
    ],
    "severe_jitter": false,
    "severe_jitter_count": 0,
    "end_vel_norm": 0.06753599772258163,
    "effort_rms": [
      0.053807153238188084,
      13.69583900745052,
      6.460083909514651,
      0.14693324799850344,
      1.6532554440612945,
      0.023969059636419
    ],
    "effort_rms_mean": 10.252127757556496,
    "score_smoothness": 98.33476448101436,
    "score_stability": 77.48800075913945,
    "score_effort": 87.18484030305437,
    "score_total": 88.25091613386815
  },
  "transport": {
    "frame_count": 2200,
    "duration": 6.665325164794922,
    "overall_jerk": 158.465448879054,
    "jerk_per_joint": [
      35.83727265686304,
      28.362822206977217,
      60.043312024042876,
      547.8191068426829,
      169.2686595132527,
      109.46152003050533
    ],
    "jerk_score_per_joint": [
      76.10848489542464,
      81.09145186201519,
      59.971125317304754,
      0.0,
      0.0,
      27.025653312996447
    ],
    "severe_jitter": true,
    "severe_jitter_count": 3,
    "end_vel_norm": 0.7124592189303403,
    "effort_rms": [
      4.29677309502018,
      18.655897109347535,
      10.18095373829418,
      0.2521327709427017,
      3.4143666087348645,
      0.15063977267695405
    ],
    "effort_rms_mean": 18.338716324615593,
    "score_smoothness": 0.0,
    "score_stability": 0.0,
    "score_effort": 77.07660459423052,
    "score_total": 19.26915114855763
  },
  "release": {
    "frame_count": 882,
    "duration": 2.4866864681243896,
    "overall_jerk": 165.45277321747852,
    "jerk_per_joint": [
      18.861113368696834,
      16.25942732363805,
      40.102752623658546,
      376.6266043582696,
      167.3255498924615,
      373.54119173814684
    ],
    "jerk_score_per_joint": [
      87.42592442086878,
      89.16038178424131,
      73.26483158422764,
      0.0,
      0.0,
      0.0
    ],
    "severe_jitter": true,
    "severe_jitter_count": 3,
    "end_vel_norm": 0.022687939769004132,
    "effort_rms": [
      0.6194062462879121,
      15.59277670808061,
      6.459393545256246,
      0.17263979178395342,
      1.646663763466846,
      0.014972379093036656
    ],
    "effort_rms_mean": 11.108227863925583,
    "score_smoothness": 0.0,
    "score_stability": 92.43735341033195,
    "score_effort": 86.11471517009302,
    "score_total": 53.88175248613943
  },
  "config": {
    "REF_JERK_MAX": 150.0,
    "REF_END_VEL_MAX": 0.3,
    "REF_EFFORT_MAX_PCT": 80.0,
    "REF_RMSE_MAX": 0.12,
    "REF_STD_MAX": 0.08,
    "SEVERE_JITTER_SCORE_THRESHOLD": 50.0,
    "SEVERE_JITTER_PENALTY_POINTS": 10.0
  },
  "overall_score_raw": 41.931817207187905,
  "jitter_penalty_count": 3,
  "jitter_penalty_points": 30.0,
  "overall_score": 11.931817207187905
}